{
  "id": "",
  "name": "",
  "font_family": "iconfont",
  "css_prefix_text": "icon-",
  "description": "",
  "glyphs": [
    {
      "icon_id": "705695",
      "name": "眼睛",
      "font_class": "yanjing",
      "unicode": "e62b",
      "unicode_decimal": 58923
    },
    {
      "icon_id": "7550250",
      "name": "消息",
      "font_class": "xiaoxi",
      "unicode": "e695",
      "unicode_decimal": 59029
    },
    {
      "icon_id": "8089717",
      "name": "笑脸",
      "font_class": "iconfront-",
      "unicode": "e61a",
      "unicode_decimal": 58906
    }
  ]
}
